series,t,value
value,1791354719,0.892548
value,1791354724,0.903733
value,1791354729,0.917154
value,1791354734,0.823202
value,1791354739,0.827676
value,1791354744,0.823202
value,1791354749,0.795719
value,1791354754,0.796359
value,1791354759,0.814254
value,1791354764,0.804412
value,1791354769,0.841098
value,1791354774,0.83215
value,1791354779,0.827676
value,1791354784,0.818728
value,1791354789,0.823202
value,1791354794,0.84408
value,1791354799,0.847063
value,1791354804,0.84408
value,1791354809,0.847063
value,1791354814,0.818728
value,1791354819,0.823202
value,1791354824,0.818728
value,1791354829,0.823202
value,1791354834,0.818728
value,1791354839,0.823202
value,1791354844,0.820965
value,1791354849,0.823202
value,1791354854,0.825439
value,1791354859,0.834387
value,1791354864,0.838861
value,1791354869,0.847809
value,1791354874,0.852283
value,1791354879,0.827676
value,1791354884,0.836624
value,1791354889,0.85452
value,1791354894,0.863467
value,1791354899,0.876889
value,1791354904,0.800832
value,1791354909,
value,1791354914,
value,1791354919,
value,1791354924,
value,1791354929,
value,1791354934,
value,1791354939,0.885837
value,1791354944,0.872415
value,1791354949,0.876889
value,1791354954,0.867941
value,1791354959,0.873907
value,1791354964,0.867941
value,1791354969,0.864959
value,1791354974,0.858993
value,1791354979,0.856011
value,1791354984,0.850046
value,1791354989,0.847063
value,1791354994,0.84408
value,1791354999,0.845572
value,1791355004,0.818728
value,1791355009,0.823202
value,1791355014,0.801622
value,1791355019,0.801951
value,1791355024,0.818728
value,1791355029,0.823202
value,1791355034,0.818728
value,1791355039,0.823202
value,1791355044,0.845572
value,1791355049,0.823202
value,1791355054,0.84408
value,1791355059,0.858993
value,1791355064,0.856756
value,1791355069,0.858993
value,1791355074,0.856756
value,1791355079,0.858993
value,1791355084,0.856756
value,1791355089,0.858993
value,1791355094,0.867047
